name,mls_id,club,date_signed,birthday
Kellen Gulley,kellen-gulley,Chicago Fire,8/11/2011,4/6/1994
Victor Pineda,victor-pineda,Chicago Fire,8/17/2010,3/15/1993
Chris Ritter,chris-ritter,Chicago Fire,1/13/2014,10/29/1990
Bryan de la Fuente,bryan-de-la-fuente,Chivas USA,8/25/2010,7/1/1992
Cesar Zamora,cesar-zamora,Chivas USA,5/28/2009,5/27/1991
Davy Armstrong,davy-armstrong,Colorado Rapids,8/16/2010,11/3/1991
Josh Janniere,josh-janniere,Toronto FC,3/30/2011,11/4/1992
Shane O'Neill,Shane-oneill,Colorado Rapids,6/19/2012,9/2/1993
Chad Barson,chad-barson,Columbus Crew SC,1/10/2013,2/25/1991
Ross Friedman,ross-friedman,Columbus Crew SC,1/8/1992,1/8/2014
Aaron Horton,aaron-horton,Columbus Crew SC,5/17/2011,5/9/1992
Ben Speas,ben-speas,Columbus Crew SC,1/12/2012,1/17/1991
Matt Walker,matt-walker,Columbus Crew SC,1/8/2014,9/16/1992
Andy Najar,andy-najar,D.C. United,3/22/2010,3/16/1993
Michael Seaton,michael-seaton,D.C. United,1/14/2013,5/1/1996
Conor Shanosky,conor-shanosky,D.C. United,8/13/2010,12/13/1991
Bradlee Baladez,bradlee-baladez,FC Dallas,12/19/2012,8/8/1991
Danny Garcia,danny-garcia,FC Dallas,6/18/2013,10/14/1993
Moises Hernandez,moises-hernandez,FC Dallas,7/30/2010,3/5/1992
Bryan Leyva,bryan-leyva,FC Dallas,9/16/2009,8/2/1992
Ruben Luna,ruben-luna,FC Dallas,7/30/2010,2/10/1992
Jonathan Top,jonathan-top,FC Dallas,1/12/2011,1/26/1993
Richard Sanchez,richard-sanchez,FC Dallas,2/18/2011,4/25/1994
Alejandro Zendejas,alejandro-zendejas,FC Dallas,10/1/2014,2/7/1998
Bradley Bourgeois,bradley-bourgeois,Houston Dynamo,12/23/2015,4/13/1994
Alex Dixon,alex-dixon,Houston Dynamo,1/19/2011,1/3/1989
Francisco Navas Cobo,francisco-navas-cobo,Houston Dynamo,3/5/2010,11/17/1991
Memo Rodriguez,memo-rodriguez,Houston Dynamo,12/4/2014,12/17/1995
Bryan Salazar,bryan-salazar,Houston Dynamo,2/13/2013,10/17/1994
Josue Soto,josue-soto,Houston Dynamo,1/19/2011,2/7/1990
Tristan Bowen,tristan-bowen,LA Galaxy,11/12/2008,1/31/1991
Oscar Sorto,oscar-sorto,LA Galaxy,12/11/2012,8/8/1994
Jeremy Gagnon-Lapare,jeremy-gagnon-lapare,Montreal Impact,7/10/2014,3/9/1995
Zakaria Messoudi,zakaria-messoudi,Montreal Impact,6/4/2013,10/30/1993
Karl Ouimette,karl-ouimette,Montreal Impact,6/5/2012,6/18/1992
Maxim Tissot,maxim-tissot,Montreal Impact,2/26/2013,4/13/92
Juan Agudelo,juan-agudelo,New York Red Bulls,3/26/2010,11/23/1992
Santiago Castano,santiago-castano,New York Red Bulls,12/11/2012,4/14/1995
Giorgi Chirgadze,giorgi-chirgadze,New York Red Bulls,9/11/2009,11/23/1990
Mael Corboz,mael-corboz,New York Red Bulls,12/23/2015,9/6/1994
Matt Kassel,matt-kassel,New York Red Bulls,1/27/2011,10/30/1989
Amando Moreno,amando-moreno,New York Red Bulls,12/11/2012,9/10/1995
Sacir Hot,sacir-hot,New York Red Bulls,1/31/2011,6/10/1991
Matt Miazga,matt-miazga,New York Red Bulls,5/30/2013,7/19/1995
Scott Thomsen,scott-thomsen,New York Red Bulls,12/23/2015,12/31/1993
Chris Thorsheim,chris-thorsheim,New York Red Bulls,12/23/2015,6/30/1994
Cristhian Hernandez,cristhian-hernandez,Philadelphia Union,3/5/2012,10/30/1993
Jimmy McLaughlin,jimmy-mclaughlin,Philadelphia Union,12/12/2011,6/30/1993
Zach Pfeffer,zach-pfeffer,Philadelphia Union,12/22/2010,1/6/1995
Steven Evans,steven-evans,Portland Timbers,1/8/2013,9/19/1991
Bryan Gallego,bryan-gallego,NYRB,1/15/2014,3/10/1993
Brent Richards,brent-richards,Portland Timbers,1/4/2012,5/20/1990
Nico Muniz,nico-muniz,Real Salt Lake,9/15/2011,10/18/1992
Benjamin Lopez,benjamin-lopez,Real Salt Lake,7/17/2013,2/16/1995
Phanuel Kavita,phanuel-kavita,Real Salt Lake,1/13/2015,3/9/1993
Fito Ovalle,fito-ovalle,Real Salt Lake,3/6/2015,4/28/1997
Darwin Jones,darwin-jones,Seattle Sounders,1/9/2015,4/4/1992
Jordan Schweitzer,jordan-schweitzer,Seattle Sounders,1/7/2016,4/19/1994
DeAndre Yedlin,deandre-yedlin,Seattle Sounders,1/11/2013,7/19/1993
Manuel Aparicio,manuel-aparicio,Toronto FC,8/8/2013,9/17/1995
Oscar Cordon,oscar-cordon,Toronto FC,3/17/2011,1/18/1993
Doneil Henry,doneil-henry,Toronto FC,8/26/2010,10/30/1993
Nicholas Lindsay,nicholas-lindsay,Toronto FC,9/15/2010,9/3/1992
Keith Makubuya,keith-makubuya,Toronto FC,3/17/2011,1/26/1993
Chris Mannella,chris-mannella,Toronto FC,9/15/2014,6/7/1994
Quillan Roberts,quillan-roberts,Toronto FC,4/10/2012,10/18/1992
Matt Stinson,matt-stinson,Toronto FC,3/17/2011,9/9/1992
Bryce Alderson,bryce-alderson,Vancouver Whitecaps FC,11/17/2011,2/5/1994
Marco Carducci,marco-carducci,Vancouver Whitecaps FC,3/4/2014,9/6/1996
Caleb Clarke,caleb-clarke,Vancouver Whitecaps FC,4/24/2012,6/23/1993
Kianz Froese,kianz-froese,Vancouver Whitecaps FC,9/15/2014,4/16/1996
Ethen Sampson,ethen-sampson,Vancouver Whitecaps,3/6/2014,12/28/1993
Brian Sylvestre,brian-sylvestre,Vancouver Whitecaps,3/15/2011,12/19/1992
Andrew Carleton,andrew-carleton,Atlanta United,6/9/2016,6/22/2000
Chris Goslin,chris-goslin,Atlanta United,10/6/2016,5/12/2000
Harrison Heath,harrison-heath,Orlando City,12/11/2016,3/6/1996
Joey Calistri,joey-calistri,Chicago Fire,12/17/2015,11/20/1993
Drew Conner,drew-conner,Chicago Fire,12/17/2015,2/18/1994
Patrick Doody,patrick-doody,Chicago Fire,12/22/2014,4/22/1992
Collin Fernandez,collin-fernandez,Chicago Fire,8/28/2014,2/13/1997
Matt Lampson,matt-lampson,Columbus Crew SC,12/15/2011,9/6/1989
Djordje Mihailovic,djordje-mihailovic,Chicago Fire,1/27/2017,11/10/1998
Caleb Calvert,caleb-calvert,Chivas USA,11/19/2014,10/22/1996
Kortne Ford,kortne-ford,Colorado Rapids,1/6/2017,1/26/1996
Ricardo Perez,ricardo-perez,Colorado Rapids,1/6/2017,5/30/1995
Dillon Serna,dillon-serna,Colorado Rapids,1/14/2013,3/25/1994
Alex Crognale,alex-crognale,Columbus Crew SC,12/20/2016,8/27/1994
Ben Swanson,ben-swanson,Columbus Crew SC,10/17/2014,7/18/1997
Wil Trapp,wil-trapp,Columbus Crew SC,12/13/2012,1/15/1993
Chris Durkin,chris-durkin,D.C. United,6/14/2016,2/8/2000
Bill Hamid,bill-hamid,D.C. United,9/2/2009,11/25/1990
Ian Harkes,ian-harkes,D.C. United,1/23/2017,3/30/1995
Jalen Robinson,jalen-robinson,D.C. United,1/6/2014,5/8/1994
Kellyn Acosta,kellyn-acosta,FC Dallas,7/12/2012,7/24/1995
Reggie Cannon,reggie-cannon,FC Dallas,12/22/2016,6/11/1998
Coy Craft,coy-craft,FC Dallas,7/31/2014,5/23/1997
Jesus Fereira,jesus-fereira,FC Dallas,11/17/2016,12/24/2000
Jesse Gonzalez,jesse-gonzalez,FC Dallas,3/21/2013,5/25/1995
Aaron Guillen,aaron-guillen,FC Dallas,1/5/2016,6/23/1993
Paxton Pomykal,paxton-pomykal,FC Dallas,9/9/2016,12/17/1996
Bryan Reynolds,bryan-reynolds,FC Dallas,11/22/2016,6/28/2001
Victor Ulloa,victor-ulloa,FC Dallas,7/30/2010,3/4/1992
Tyler Deric,tyler-deric,Houston Dynamo,2/27/2009,8/30/1988
Christian Lucatero,christian-lucatero,Houston Dynamo,8/18/2015,6/17/1997
Memo Rodriguez,memo-rodriguez,Houston Dynamo,3/1/2017,12/27/1995
Hugo Arellano,hugo-arellano,LA Galaxy,1/13/2017,3/5/19998
Bradford Jamieson IV,bradford-jamieson-iv,LA Galaxy,2/20/2014,11/18/1996
Ariel Lassiter,ariel-lassiter,LA Galaxy,3/5/2016,9/27/1994
Jack McBean,jack-mcbean,LA Galaxy,1/31/2011,12/15/1994
Raul Mendiola,raul-mendiola,LA Galaxy,2/20/2014,11/18/1996
Nathan Smith,nathan-smith,LA Galaxy,3/2/2017,10/18/1994
Jaime Villarreal,jaime-villarreal,LA Galaxy,3/2/2017,6/23/1995
Jose Villarreal,jose-villarreal,LA Galaxy,12/22/2011,9/10/1993
Gyasi Zardes,gyasi-zardes,LA Galaxy,12/20/2012,9/2/1991
Collin Martin,collin-martin,D.C. United,7/10/2013,11/9/1994
Louis Beland-Goyette,louis-beland-goyette,Montreal Impact,9/12/2014,9/15/1995
David Choiniere,david-choiniere,Montreal Impact,6/28/2016,2/7/1994
Maxime Crepeau,maxime-crepeau,Montreal Impact,3/15/2013,5/11/1994
Anthony Jackson-Hamel,anthony-jackson-hamel,Montreal Impact,7/31/2014,8/3/1993
Wandrille Lefevre,wandrille-lefevre,Montreal Impact,2/26/2013,12/17/1989
Ballou Jean-Yves Tabla,ballou-jean-yves-tabla,Montreal Impact,10/20/2016,3/31/1999
Scott Caldwell,scott-caldwell,New England Revolution,12/21/2012,3/15/1991
Diego Fagundez,diego-fagundez,New England Revolution,11/25/2010,2/14/1995
Zachary Herivaux,zachary-herivaux,New England Revolution,5/2/2015,2/1/1996
London Woodberry,london-woodberry,FC Dallas,1/9/2013,5/28/1991
Sean Okoli,sean-okoli,Seattle Sounders FC,1/9/2014,2/3/1993
Ethan White,ethan-white,D.C. United,12/14/2010,12/13/1991
Tyler Adams,tyler-adams,New York Red Bulls,12/2/2015,2/14/1999
Brandon Allen,brandon-allen,New York Red Bulls,12/21/2015,10/8/1993
Arun Basuljevic,arun-basuljevic,New York Red Bulls,1/24/2017,12/17/1995
Sean Davis,sean-davis,New York Red Bulls,12/11/2014,2/8/1993
Derrick Etienne,derrick-etienne,New York Red Bulls,12/21/2015,11/25/1996
Connor Lade,connor-lade,New York Red Bulls,12/5/2011,3/28/1990
Evan Louro,evan-louro,New York Red Bulls,4/29/2017,1/19/1996
Alex Muyl,alex-muyl,New York Red Bulls,12/22/2015,9/30/1995
Tommy Redding,tommy-redding,Orlando City,3/12/2014,1/24/1997
Mason Stajduhar,mason-stajduhar,Orlando City,11/6/2015,12/2/1997
Donny Toia,donny-toia,Real Salt Lake,3/24/2011,5/28/1992
Derrick Jones,derrick-jones,Philadelphia Union,7/27/2016,3/3/1997
Adam Najem,adam-najem,NYRB,2/8/2017,1/19/1995
Auston Trusty,auston-trusty,Philadelphia Union,8/10/2016,8/12/1998
Marco Farfan,marco-farfan,Portland Timbers,10/14/2016,11/12/1998
Danilo Acosta,danilo-acosta,Real Salt Lake,12/29/2015,11/17/1997
Jordan Allen,jordan-allen,Real Salt Lake,12/31/2013,4/25/1995
Eduardo Fernandez,eduardo-fernandez,Real Salt Lake,2/24/2012,12/16/1992
Justen Glad,justen-glad,Real Salt Lake,4/7/2014,2/28/1997
Jose Hernandez,jose-hernandez,Real Salt Lake,12/22/2016,4/12/1996
Sebastian Saucedo,sebastian-saucedo,Real Salt Lake,7/25/2014,1/22/1997
Ricardo Velazco,ricardo-velazco,Real Salt Lake,9/6/2016,5/26/1993
Nick Lima,nick-lima,San Jose Earthquakes,12/21/2016,11/17/1994
Tommy Thompson,tommy-thompson,San Jose Earthquakes,1/22/2014,8/15/1995
Seyi Adekoya,seyi-adekoya,Seattle Sounders FC,1/18/2017,12/5/1995
Aaron Kovar,aaron-kovar,Seattle Sounders FC,1/9/2014,8/14/1993
Victor Mansaray,victor-mansaray,Seattle Sounders FC,11/5/201,2/22/1997
Jordan Morris,jordan-morris,Seattle Sounders FC,1/21/2016,10/26/1994
Harry Shipp,harry-shipp,Chicago,1/9/2014,11/7/1991
Henry Wingo,henry-wingo,Seattle Sounders FC,1/18/2017,10/4/1995
Kevin Ellis,kevin-ellis,Sporting Kansas City,2/18/2011,6/30/1991
Jon Kempin,jon-kempin,Sporting Kansas City,8/31/2010,4/8/1993
Erik Palmer-Brown,erik-palmer-brown,Sporting Kansas City,8/2/2013,4/24/1997
Daniel Salloi,daniel-salloi,Sporting Kansas City,1/13/2016,7/19/1996
Sergio Camargo,sergio-camargo,Toronto FC,1/11/2017,8/16/1994
Jay Chapman,jay-chapman,Toronto FC,1/15/2015,1/1/1994
Marky Delgado,marky-delgado,Chivas USA,11/19/2014,5/16/1995
Jordan Hamilton,jordan-hamilton,Toronto FC,1/9/2014,3/17/1996
Ashtone Morgan,ashtone-morgan,Toronto FC,3/17/2011,2/9/1991
Ben Spencer,ben-spencer,Toronto FC,5/2/2017,3/28/1995
Sam Adekugbe,sam-adekugbe,Vancouver Whitecaps,8/28/2013,1/16/1995
Marco Bustos,marco-bustos,Vancouver Whitecaps,9/15/2014,4/22/1996
Alphonso Davies,alphonso-davies,Vancouver Whitecaps,7/15/2016,11/2/2000
Ben McKendry,ben-mckendry,Vancouver Whitecaps,1/26/2015,3/25/1993
Russell Teibert,russell-teibert,Vancouver Whitecaps,3/17/2011,12/22/1992
